State,Incident Date,# Killed,Age
Pennsylvania,"February 27, 2020",1,Adult
Missouri,"February 27, 2020",1,Adult
Texas,"February 26, 2020",1,Adult
Illinois,"February 25, 2020",1,Adult
Florida,"February 25, 2020",1,Adult
Florida,"February 25, 2020",1,Adult
Texas,"February 23, 2020",1,Adult
Tennessee,"February 23, 2020",1,Adult
Arizona,"February 22, 2020",1,Adult
Florida,"February 21, 2020",1,Adult
Florida,"February 20, 2020",1,Adult
Arkansas,"February 20, 2020",1,Adult
Oklahoma,"February 16, 2020",1,Adult
Ohio,"February 16, 2020",1,Adult
Kentucky,"February 16, 2020",1,Adult
Georgia,"February 16, 2020",2,Adult
Tennessee,"February 16, 2020",1,Adult
Georgia,"February 14, 2020",1,Adult
Florida,"February 13, 2020",1,Adult
Ohio,"February 13, 2020",1,Adult
New York,"February 12, 2020",1,Adult
Nebraska,"February 12, 2020",1,Adult
District of Columbia,"February 12, 2020",1,Adult
Louisiana,"February 9, 2020",1,Adult
Pennsylvania,"February 9, 2020",1,Adult
New Jersey,"February 7, 2020",1,Adult
Louisiana,"February 7, 2020",1,Adult
South Carolina,"February 6, 2020",1,Adult
California,"February 6, 2020",1,Adult
Michigan,"February 4, 2020",1,Adult
Ohio,"February 2, 2020",1,Adult
South Carolina,"February 2, 2020",1,Adult
Alabama,"February 2, 2020",1,Adult
Ohio,"February 1, 2020",1,Adult
Tennessee,"February 1, 2020",1,Adult
Ohio,"February 1, 2020",1,Adult
Virginia,"February 1, 2020",1,Adult
Texas,"January 31, 2020",1,Adult
Illinois,"January 31, 2020",1,Adult
Pennsylvania,"January 30, 2020",1,Adult
Alabama,"January 30, 2020",1,Adult
Washington,"January 28, 2020",1,Adult
Ohio,"January 26, 2020",1,Adult
Ohio,"January 26, 2020",1,Adult
Ohio,"January 25, 2020",1,Adult
Alabama,"January 25, 2020",1,Adult
Louisiana,"January 25, 2020",1,Adult
Arizona,"January 23, 2020",1,Adult
Washington,"January 22, 2020",1,Adult
Texas,"January 22, 2020",1,Adult
Texas,"January 22, 2020",1,Adult
Louisiana,"January 22, 2020",1,Adult
Georgia,"January 22, 2020",1,Adult
Wisconsin,"January 20, 2020",1,Adult
North Carolina,"January 20, 2020",1,Adult
Indiana,"January 19, 2020",1,Adult
California,"January 17, 2020",1,Adult
Georgia,"January 17, 2020",1,Adult
Texas,"January 17, 2020",1,Adult
Texas,"January 14, 2020",1,Adult
Florida,"January 12, 2020",1,Adult
North Carolina,"January 11, 2020",1,Adult
Kentucky,"January 8, 2020",1,Adult
Missouri,"January 5, 2020",1,Adult
Tennessee,"January 4, 2020",1,Adult
Maryland,"January 3, 2020",1,Adult
Virginia,"January 1, 2020",1,Adult
Tennessee,"January 1, 2020",1,Adult
Ohio,"January 1, 2020",1,Adult
Maryland,"January 1, 2020",1,Adult
Texas,"January 1, 2020",1,Adult
Virginia,"January 1, 2020",1,Adult
South Carolina,"January 1, 2020",2,Adult
Tennessee,"December 31, 2019",1,Adult
Oklahoma,"December 29, 2019",1,Adult
Missouri,"December 28, 2019",1,Adult
Texas,"December 25, 2019",1,Adult
Alabama,"December 24, 2019",1,Adult
Texas,"December 22, 2019",1,Adult
Texas,"December 21, 2019",1,Adult
California,"December 21, 2019",1,Adult
California,"December 21, 2019",1,Adult
Mississippi,"December 20, 2019",1,Adult
Georgia,"December 19, 2019",1,Adult
Texas,"December 19, 2019",1,Adult
Maine,"December 18, 2019",1,Adult
Texas,"December 18, 2019",1,Adult
Ohio,"December 14, 2019",1,Adult
Ohio,"December 14, 2019",1,Adult
Illinois,"December 13, 2019",1,Adult
Florida,"December 13, 2019",1,Adult
California,"December 13, 2019",1,Adult
Arizona,"December 13, 2019",1,Adult
Pennsylvania,"December 12, 2019",1,Adult
Tennessee,"December 12, 2019",1,Adult
Florida,"December 11, 2019",1,Adult
Texas,"December 10, 2019",1,Adult
Tennessee,"December 8, 2019",1,Adult
Alabama,"December 7, 2019",1,Adult
New York,"December 7, 2019",1,Adult
Illinois,"December 5, 2019",1,Adult
Florida,"December 5, 2019",4,Adult
Arizona,"December 2, 2019",1,Adult
Ohio,"December 2, 2019",1,Adult
Pennsylvania,"December 2, 2019",1,Adult
Pennsylvania,"December 1, 2019",1,Adult
Louisiana,"December 1, 2019",2,Adult
Tennessee,"December 1, 2019",1,Adult
Tennessee,"November 29, 2019",1,Adult
Texas,"November 29, 2019",1,Adult
Maine,"November 28, 2019",1,Adult
South Carolina,"November 28, 2019",1,Adult
Virginia,"November 28, 2019",1,Adult
Texas,"November 27, 2019",1,Adult
California,"November 27, 2019",1,Adult
Texas,"November 27, 2019",1,Adult
Indiana,"November 26, 2019",1,Adult
Florida,"November 25, 2019",2,Adult
Florida,"November 25, 2019",1,Adult
Texas,"November 25, 2019",1,Adult
Pennsylvania,"November 23, 2019",1,Adult
Illinois,"November 23, 2019",1,Adult
Virginia,"November 23, 2019",1,Adult
Texas,"November 23, 2019",1,Adult
Georgia,"November 22, 2019",1,Adult
Mississippi,"November 22, 2019",1,Adult
California,"November 20, 2019",1,Adult
Missouri,"November 20, 2019",1,Adult
Mississippi,"November 19, 2019",1,Adult
Texas,"November 19, 2019",1,Adult
Ohio,"November 18, 2019",1,Adult
Missouri,"November 17, 2019",1,Adult
New York,"November 17, 2019",1,Adult
Pennsylvania,"November 17, 2019",1,Adult
South Carolina,"November 16, 2019",1,Adult
South Carolina,"November 15, 2019",1,Adult
Indiana,"November 15, 2019",1,Adult
Washington,"November 14, 2019",1,Adult
Arkansas,"November 13, 2019",1,Adult
New Mexico,"November 12, 2019",1,Adult
Pennsylvania,"November 11, 2019",1,Adult
South Carolina,"November 11, 2019",1,Adult
Kansas,"November 9, 2019",1,Adult
Tennessee,"November 8, 2019",1,Adult
Florida,"November 8, 2019",1,Adult
Minnesota,"November 6, 2019",1,Adult
Illinois,"November 6, 2019",1,Adult
Alaska,"November 5, 2019",1,Adult
Missouri,"November 4, 2019",1,Adult
Florida,"November 3, 2019",1,Adult
New York,"November 2, 2019",1,Adult
Texas,"November 2, 2019",1,Adult
Kentucky,"November 1, 2019",1,Adult
Texas,"November 1, 2019",1,Adult
Texas,"October 30, 2019",1,Adult
Georgia,"October 30, 2019",1,Adult
Mississippi,"October 30, 2019",1,Adult
Alabama,"October 27, 2019",1,Adult
Colorado,"October 27, 2019",1,Adult
Michigan,"October 26, 2019",1,Adult
New York,"October 26, 2019",1,Adult
Arkansas,"October 25, 2019",1,Adult
Arkansas,"October 23, 2019",1,Adult
Indiana,"October 23, 2019",1,Adult
Utah,"October 23, 2019",1,Adult
Texas,"October 21, 2019",1,Adult
Virginia,"October 20, 2019",1,Adult
Wisconsin,"October 20, 2019",1,Adult
Texas,"October 20, 2019",1,Adult
Michigan,"October 20, 2019",1,Adult
Texas,"October 20, 2019",1,Adult
Missouri,"October 19, 2019",1,Adult
Ohio,"October 19, 2019",1,Adult
Indiana,"October 17, 2019",1,Adult
Louisiana,"October 14, 2019",1,Adult
Tennessee,"October 13, 2019",1,Adult
Oregon,"October 12, 2019",1,Adult
Tennessee,"October 10, 2019",1,Adult
Texas,"October 8, 2019",1,Adult
Maine,"October 8, 2019",1,Adult
Montana,"October 8, 2019",1,Adult
New Jersey,"October 6, 2019",1,Adult
California,"October 6, 2019",1,Adult
Wisconsin,"October 6, 2019",1,Adult
Alabama,"October 5, 2019",1,Adult
South Carolina,"October 5, 2019",1,Adult
Indiana,"October 4, 2019",1,Adult
Georgia,"October 3, 2019",1,Adult
Georgia,"October 2, 2019",1,Adult
Florida,"October 2, 2019",1,Adult
New York,"October 1, 2019",1,Adult
North Carolina,"September 30, 2019",1,Adult
Rhode Island,"September 29, 2019",1,Adult
Texas,"September 28, 2019",1,Adult
Georgia,"September 28, 2019",1,Adult
Pennsylvania,"September 28, 2019",1,Adult
Ohio,"September 27, 2019",1,Adult
North Carolina,"September 26, 2019",1,Adult
Texas,"September 25, 2019",1,Adult
Missouri,"September 24, 2019",1,Adult
Kentucky,"September 22, 2019",1,Adult
Illinois,"September 22, 2019",1,Adult
New York,"September 21, 2019",1,Adult
Louisiana,"September 20, 2019",1,Adult
Wisconsin,"September 19, 2019",1,Adult
Wisconsin,"September 17, 2019",1,Adult
Texas,"September 15, 2019",1,Adult
Texas,"September 15, 2019",1,Adult
Michigan,"September 15, 2019",1,Adult
Kentucky,"September 14, 2019",1,Adult
Missouri,"September 12, 2019",1,Adult
Florida,"September 12, 2019",1,Adult
Pennsylvania,"September 10, 2019",1,Adult
Iowa,"September 10, 2019",1,Adult
Massachusetts,"September 9, 2019",1,Adult
Michigan,"September 8, 2019",1,Adult
Pennsylvania,"September 8, 2019",1,Adult
Washington,"September 7, 2019",1,Adult
Washington,"September 6, 2019",1,Adult
Connecticut,"September 4, 2019",1,Adult
California,"September 2, 2019",1,Adult
Louisiana,"September 1, 2019",1,Adult
Mississippi,"September 1, 2019",1,Adult
Alabama,"September 1, 2019",1,Adult
Louisiana,"September 1, 2019",1,Adult
Illinois,"August 31, 2019",1,Adult
Michigan,"August 29, 2019",1,Adult
Virginia,"August 28, 2019",1,Adult
Illinois,"August 27, 2019",1,Adult
Louisiana,"August 27, 2019",1,Adult
Pennsylvania,"August 26, 2019",1,Adult
Pennsylvania,"August 26, 2019",1,Adult
Alabama,"August 25, 2019",1,Adult
Florida,"August 24, 2019",1,Adult
Alabama,"August 23, 2019",1,Adult
Florida,"August 23, 2019",1,Adult
Illinois,"August 21, 2019",1,Adult
Pennsylvania,"August 20, 2019",1,Adult
Florida,"August 18, 2019",1,Adult
California,"August 17, 2019",1,Adult
Oklahoma,"August 17, 2019",1,Adult
Kansas,"August 17, 2019",1,Adult
Ohio,"August 17, 2019",1,Adult
Texas,"August 16, 2019",1,Adult
Alabama,"August 16, 2019",1,Adult
West Virginia,"August 14, 2019",1,Adult
Arizona,"August 14, 2019",1,Adult
Texas,"August 14, 2019",1,Adult
Utah,"August 14, 2019",1,Adult
Nevada,"August 12, 2019",1,Adult
Michigan,"August 11, 2019",1,Adult
Ohio,"August 11, 2019",1,Adult
Ohio,"August 10, 2019",1,Adult
Kansas,"August 8, 2019",1,Adult
Illinois,"August 8, 2019",1,Adult
New York,"August 6, 2019",1,Adult
Alabama,"August 5, 2019",1,Adult
Louisiana,"August 4, 2019",1,Adult
Virginia,"August 2, 2019",1,Adult
Texas,"August 1, 2019",1,Adult
Montana,"August 1, 2019",1,Adult
Arkansas,"August 1, 2019",1,Adult
Arizona,"July 30, 2019",1,Adult
Arizona,"July 30, 2019",1,Adult
Pennsylvania,"July 29, 2019",1,Adult
Illinois,"July 28, 2019",1,Adult
Alaska,"July 27, 2019",1,Adult
Illinois,"July 26, 2019",1,Adult
Texas,"July 26, 2019",1,Adult
New Jersey,"July 25, 2019",1,Adult
Texas,"July 24, 2019",1,Adult
Texas,"July 24, 2019",1,Adult
Ohio,"July 24, 2019",1,Adult
Georgia,"July 22, 2019",1,Adult
Louisiana,"July 21, 2019",1,Adult
Virginia,"July 21, 2019",1,Adult
Maryland,"July 21, 2019",1,Adult
Mississippi,"July 21, 2019",1,Adult
Missouri,"July 20, 2019",1,Adult
Texas,"July 20, 2019",1,Adult
Mississippi,"July 20, 2019",1,Adult
Oklahoma,"July 19, 2019",1,Adult
Texas,"July 18, 2019",1,Adult
Illinois,"July 17, 2019",1,Adult
Texas,"July 17, 2019",2,Adult
Missouri,"July 17, 2019",1,Adult
Colorado,"July 14, 2019",1,Adult
Arizona,"July 14, 2019",1,Adult
Texas,"July 12, 2019",1,Adult
Michigan,"July 11, 2019",1,Adult
Indiana,"July 7, 2019",1,Adult
Montana,"July 6, 2019",1,Adult
Utah,"July 6, 2019",2,Adult
Indiana,"July 6, 2019",1,Adult
Arizona,"July 2, 2019",1,Adult
Washington,"July 2, 2019",1,Adult
Arizona,"June 30, 2019",1,Adult
Louisiana,"June 30, 2019",1,Adult
Louisiana,"June 28, 2019",1,Adult
West Virginia,"June 28, 2019",1,Adult
Mississippi,"June 28, 2019",1,Adult
Kentucky,"June 26, 2019",1,Adult
Tennessee,"June 24, 2019",1,Adult
California,"June 24, 2019",1,Adult
Mississippi,"June 23, 2019",1,Adult
Texas,"June 21, 2019",1,Adult
South Carolina,"June 20, 2019",1,Adult
Indiana,"June 19, 2019",1,Adult
Oregon,"June 19, 2019",1,Adult
Wisconsin,"June 18, 2019",1,Adult
Wisconsin,"June 17, 2019",1,Adult
Alabama,"June 16, 2019",1,Adult
Texas,"June 16, 2019",1,Adult
Georgia,"June 12, 2019",1,Adult
Kentucky,"June 11, 2019",1,Adult
Mississippi,"June 10, 2019",1,Adult
South Carolina,"June 10, 2019",1,Adult
Alabama,"June 9, 2019",1,Adult
Idaho,"June 9, 2019",1,Adult
North Carolina,"June 8, 2019",1,Adult
West Virginia,"June 7, 2019",1,Adult
Arizona,"June 7, 2019",1,Adult
Texas,"June 7, 2019",1,Adult
Wisconsin,"June 7, 2019",1,Adult
Ohio,"June 6, 2019",1,Adult
Texas,"June 3, 2019",1,Adult
Oklahoma,"June 2, 2019",1,Adult
Tennessee,"June 2, 2019",1,Adult
Maryland,"June 1, 2019",1,Adult
Oklahoma,"May 31, 2019",1,Adult
South Carolina,"May 30, 2019",1,Adult
Mississippi,"May 30, 2019",1,Adult
Mississippi,"May 28, 2019",1,Adult
Florida,"May 27, 2019",1,Adult
Arizona,"May 27, 2019",1,Adult
Florida,"May 27, 2019",1,Adult
Georgia,"May 27, 2019",1,Adult
Alabama,"May 26, 2019",1,Adult
Arizona,"May 26, 2019",1,Adult
Virginia,"May 26, 2019",1,Adult
Florida,"May 26, 2019",1,Adult
Washington,"May 26, 2019",1,Adult
Tennessee,"May 25, 2019",1,Adult
Louisiana,"May 25, 2019",1,Adult
Ohio,"May 21, 2019",1,Adult
South Carolina,"May 19, 2019",1,Adult
Missouri,"May 17, 2019",1,Adult
Arkansas,"May 17, 2019",1,Adult
Oklahoma,"May 16, 2019",1,Adult
Ohio,"May 15, 2019",1,Adult
Missouri,"May 14, 2019",1,Adult
Illinois,"May 13, 2019",1,Adult
California,"May 12, 2019",1,Adult
Ohio,"May 12, 2019",1,Adult
Montana,"May 12, 2019",1,Adult
Tennessee,"May 11, 2019",1,Adult
Texas,"May 11, 2019",1,Adult
Tennessee,"May 11, 2019",1,Adult
Idaho,"May 11, 2019",1,Adult
Arizona,"May 9, 2019",1,Adult
Florida,"May 8, 2019",1,Adult
Wisconsin,"May 5, 2019",1,Adult
Illinois,"May 4, 2019",1,Adult
Georgia,"May 3, 2019",1,Adult
Texas,"May 2, 2019",1,Adult
Arizona,"April 29, 2019",1,Adult
Massachusetts,"April 27, 2019",1,Adult
New York,"April 21, 2019",1,Adult
Ohio,"April 20, 2019",1,Adult
Mississippi,"April 20, 2019",1,Adult
Tennessee,"April 15, 2019",1,Adult
Missouri,"April 14, 2019",1,Adult
New York,"April 14, 2019",1,Adult
New York,"April 13, 2019",1,Adult
North Carolina,"April 13, 2019",1,Adult
Kentucky,"April 13, 2019",1,Adult
Texas,"April 13, 2019",1,Adult
Alabama,"April 13, 2019",1,Adult
Texas,"April 12, 2019",1,Adult
Georgia,"April 8, 2019",1,Adult
Mississippi,"April 7, 2019",1,Adult
Maryland,"April 7, 2019",1,Adult
Alabama,"April 5, 2019",1,Adult
Mississippi,"April 4, 2019",1,Adult
Virginia,"April 3, 2019",1,Adult
Indiana,"April 3, 2019",1,Adult
New Mexico,"April 2, 2019",1,Adult
Texas,"March 31, 2019",1,Adult
Georgia,"March 30, 2019",1,Adult
Kansas,"March 30, 2019",1,Adult
New York,"March 25, 2019",1,Adult
Iowa,"March 24, 2019",1,Adult
Utah,"March 24, 2019",1,Adult
Arkansas,"March 22, 2019",1,Adult
North Carolina,"March 22, 2019",1,Adult
Arizona,"March 22, 2019",1,Adult
Ohio,"March 20, 2019",1,Adult
Mississippi,"March 20, 2019",1,Adult
Texas,"March 19, 2019",1,Adult
Utah,"March 18, 2019",1,Adult
Texas,"March 18, 2019",1,Adult
Florida,"March 16, 2019",1,Adult
Tennessee,"March 15, 2019",1,Adult
Mississippi,"March 14, 2019",1,Adult
Texas,"March 13, 2019",1,Adult
Virginia,"March 11, 2019",1,Adult
Michigan,"March 9, 2019",1,Adult
Louisiana,"March 9, 2019",1,Adult
New Jersey,"March 9, 2019",1,Adult
Illinois,"March 9, 2019",1,Adult
Mississippi,"March 9, 2019",1,Adult
Georgia,"March 8, 2019",1,Adult
West Virginia,"March 7, 2019",1,Adult
Texas,"March 5, 2019",1,Adult
Missouri,"March 4, 2019",1,Adult
Ohio,"February 24, 2019",1,Adult
South Carolina,"February 23, 2019",1,Adult
South Carolina,"February 20, 2019",1,Adult
Oregon,"February 19, 2019",1,Adult
Indiana,"February 18, 2019",1,Adult
Iowa,"February 17, 2019",1,Adult
Louisiana,"February 13, 2019",1,Adult
Texas,"February 9, 2019",1,Adult
Mississippi,"February 9, 2019",2,Adult
Alabama,"February 9, 2019",1,Adult
South Carolina,"February 7, 2019",1,Adult
Texas,"February 5, 2019",1,Adult
Utah,"February 5, 2019",1,Adult
Georgia,"February 5, 2019",1,Adult
Georgia,"February 3, 2019",1,Adult
California,"February 3, 2019",1,Adult
New York,"February 1, 2019",1,Adult
Iowa,"January 27, 2019",1,Adult
Texas,"January 27, 2019",1,Adult
Missouri,"January 24, 2019",1,Adult
Ohio,"January 22, 2019",1,Adult
New York,"January 22, 2019",1,Adult
Texas,"January 22, 2019",1,Adult
Virginia,"January 21, 2019",1,Adult
Kansas,"January 21, 2019",1,Adult
Michigan,"January 20, 2019",1,Adult
Texas,"January 19, 2019",1,Adult
Texas,"January 19, 2019",2,Adult
Florida,"January 19, 2019",1,Adult
South Carolina,"January 19, 2019",1,Adult
Texas,"January 19, 2019",1,Adult
Alabama,"January 18, 2019",1,Adult
South Carolina,"January 17, 2019",1,Adult
Illinois,"January 17, 2019",1,Adult
Mississippi,"January 16, 2019",1,Adult
Pennsylvania,"January 16, 2019",1,Adult
Georgia,"January 16, 2019",1,Adult
North Carolina,"January 16, 2019",1,Adult
Texas,"January 16, 2019",1,Adult
Florida,"January 14, 2019",1,Adult
Alabama,"January 13, 2019",1,Adult
Oregon,"January 12, 2019",1,Adult
Louisiana,"January 12, 2019",1,Adult
Tennessee,"January 10, 2019",1,Adult
Virginia,"January 8, 2019",1,Adult
Alabama,"January 7, 2019",1,Adult
Alabama,"January 6, 2019",1,Adult
California,"January 6, 2019",1,Adult
Oklahoma,"January 5, 2019",1,Adult
Kentucky,"January 3, 2019",1,Adult
Georgia,"January 3, 2019",1,Adult
District of Columbia,"January 1, 2019",1,Adult
Indiana,"January 1, 2019",1,Adult
Georgia,"December 31, 2018",2,Adult
Missouri,"December 30, 2018",1,Adult
Texas,"December 30, 2018",1,Adult
California,"December 30, 2018",1,Adult
Mississippi,"December 26, 2018",1,Adult
Florida,"December 26, 2018",1,Adult
West Virginia,"December 25, 2018",1,Adult
Florida,"December 23, 2018",1,Adult
Texas,"December 22, 2018",1,Adult
South Carolina,"December 22, 2018",1,Adult
Colorado,"December 22, 2018",1,Adult
Missouri,"December 21, 2018",1,Adult
Tennessee,"December 20, 2018",1,Adult
Missouri,"December 19, 2018",1,Adult
Pennsylvania,"December 18, 2018",1,Adult
Kentucky,"December 16, 2018",1,Adult
North Carolina,"December 16, 2018",1,Adult
Oklahoma,"December 15, 2018",1,Adult
Texas,"December 15, 2018",1,Adult
Missouri,"December 14, 2018",1,Adult
Mississippi,"December 14, 2018",1,Adult
California,"December 14, 2018",1,Adult
Michigan,"December 14, 2018",1,Adult
Louisiana,"December 14, 2018",1,Adult
Illinois,"December 11, 2018",1,Adult
Louisiana,"December 10, 2018",1,Adult
Tennessee,"December 10, 2018",1,Adult
Iowa,"December 9, 2018",1,Adult
Iowa,"December 9, 2018",1,Adult
New York,"December 9, 2018",1,Adult
Iowa,"December 9, 2018",1,Adult
Oklahoma,"December 9, 2018",1,Adult
Tennessee,"February 16, 2020",1,Child
Pennsylvania,"February 9, 2020",1,Child
New Jersey,"February 7, 2020",1,Child
Louisiana,"February 7, 2020",1,Child
Alabama,"February 2, 2020",1,Child
Tennessee,"February 1, 2020",1,Child
Virginia,"February 1, 2020",1,Child
Texas,"January 31, 2020",1,Child
Pennsylvania,"January 30, 2020",1,Child
Alabama,"January 30, 2020",1,Child
Louisiana,"January 25, 2020",1,Child
Washington,"January 22, 2020",1,Child
Indiana,"January 19, 2020",1,Child
South Carolina,"January 1, 2020",2,Child
Texas,"December 25, 2019",1,Child
Alabama,"December 24, 2019",1,Child
Texas,"December 21, 2019",1,Child
Ohio,"December 14, 2019",1,Child
Ohio,"December 14, 2019",1,Child
Tennessee,"December 8, 2019",1,Child
Alabama,"December 7, 2019",1,Child
Tennessee,"November 29, 2019",1,Child
South Carolina,"November 28, 2019",1,Child
California,"November 20, 2019",1,Child
Missouri,"November 20, 2019",1,Child
South Carolina,"November 16, 2019",1,Child
South Carolina,"November 15, 2019",1,Child
Pennsylvania,"November 11, 2019",1,Child
Texas,"November 2, 2019",1,Child
Texas,"November 1, 2019",1,Child
Indiana,"October 23, 2019",1,Child
Indiana,"October 17, 2019",1,Child
Alabama,"October 5, 2019",1,Child
South Carolina,"October 5, 2019",1,Child
Missouri,"September 24, 2019",1,Child
Texas,"September 15, 2019",1,Child
Texas,"September 15, 2019",1,Child
Missouri,"September 12, 2019",1,Child
Alabama,"September 1, 2019",1,Child
Florida,"August 24, 2019",1,Child
Pennsylvania,"August 20, 2019",1,Child
Oklahoma,"August 17, 2019",1,Child
Alabama,"August 16, 2019",1,Child
West Virginia,"August 14, 2019",1,Child
Texas,"August 14, 2019",1,Child
Virginia,"August 2, 2019",1,Child
Montana,"August 1, 2019",1,Child
Arizona,"July 30, 2019",1,Child
Arizona,"July 30, 2019",1,Child
Illinois,"July 28, 2019",1,Child
Louisiana,"June 30, 2019",1,Child
Louisiana,"June 28, 2019",1,Child
Tennessee,"June 24, 2019",1,Child
Mississippi,"June 23, 2019",1,Child
Texas,"June 21, 2019",1,Child
South Carolina,"June 20, 2019",1,Child
Wisconsin,"June 18, 2019",1,Child
Wisconsin,"June 17, 2019",1,Child
Georgia,"June 12, 2019",1,Child
South Carolina,"June 10, 2019",1,Child
Idaho,"June 9, 2019",1,Child
Virginia,"May 26, 2019",1,Child
Tennessee,"May 25, 2019",1,Child
Louisiana,"May 25, 2019",1,Child
Missouri,"May 17, 2019",1,Child
Arkansas,"May 17, 2019",1,Child
Oklahoma,"May 16, 2019",1,Child
Ohio,"May 12, 2019",1,Child
Tennessee,"May 11, 2019",1,Child
Texas,"May 2, 2019",1,Child
Ohio,"April 20, 2019",1,Child
Alabama,"April 13, 2019",1,Child
Georgia,"April 8, 2019",1,Child
North Carolina,"March 22, 2019",1,Child
Florida,"March 16, 2019",1,Child
South Carolina,"February 23, 2019",1,Child
Louisiana,"February 13, 2019",1,Child
Mississippi,"February 9, 2019",2,Child
Georgia,"February 3, 2019",1,Child
Virginia,"January 21, 2019",1,Child
Kansas,"January 21, 2019",1,Child
Texas,"January 19, 2019",2,Child
Texas,"January 16, 2019",1,Child
Alabama,"January 13, 2019",1,Child
Louisiana,"January 12, 2019",1,Child
Florida,"December 26, 2018",1,Child
Missouri,"December 14, 2018",1,Child
Michigan,"December 14, 2018",1,Child
Indiana,"November 29, 2018",1,Child
Oregon,"November 24, 2018",1,Child
Georgia,"November 22, 2018",1,Child
Texas,"November 18, 2018",1,Child
Arkansas,"November 17, 2018",1,Child
Georgia,"November 15, 2018",1,Child
Alabama,"November 14, 2018",1,Child
Arkansas,"November 8, 2018",1,Child
Missouri,"November 6, 2018",1,Child
Alabama,"November 4, 2018",1,Child
Oregon,"November 4, 2018",1,Child
Colorado,"October 21, 2018",1,Child
Tennessee,"October 21, 2018",1,Child
Virginia,"October 8, 2018",1,Child
Georgia,"October 6, 2018",1,Child
Ohio,"October 5, 2018",1,Child
Tennessee,"September 30, 2018",1,Child
Texas,"September 27, 2018",1,Child
South Carolina,"September 24, 2018",1,Child
Arkansas,"September 22, 2018",1,Child
Louisiana,"September 17, 2018",1,Child
Kentucky,"September 4, 2018",1,Child
Indiana,"September 4, 2018",1,Child
Kentucky,"August 31, 2018",1,Child
Maryland,"August 28, 2018",1,Child
Illinois,"August 26, 2018",1,Child
Louisiana,"August 17, 2018",1,Child
Kentucky,"August 15, 2018",1,Child
Tennessee,"August 8, 2018",1,Child
Tennessee,"August 4, 2018",1,Child
Alaska,"July 27, 2018",1,Child
Maine,"July 24, 2018",1,Child
California,"July 20, 2018",1,Child
Indiana,"July 13, 2018",1,Child
Texas,"July 10, 2018",1,Child
Texas,"July 8, 2018",1,Child
Georgia,"July 7, 2018",1,Child
California,"July 7, 2018",1,Child
Louisiana,"July 5, 2018",1,Child
Missouri,"July 2, 2018",1,Child
Missouri,"June 26, 2018",1,Child
Louisiana,"June 23, 2018",1,Child
Missouri,"June 12, 2018",1,Child
Mississippi,"June 7, 2018",1,Child
Kentucky,"June 5, 2018",1,Child
Ohio,"June 4, 2018",1,Child
Nevada,"May 30, 2018",1,Child
Utah,"May 26, 2018",1,Child
Virginia,"May 22, 2018",1,Child
Virginia,"May 22, 2018",1,Child
Minnesota,"May 16, 2018",1,Child
Virginia,"May 7, 2018",1,Child
South Carolina,"May 4, 2018",1,Child
Ohio,"April 20, 2018",1,Child
Indiana,"April 15, 2018",1,Child
Missouri,"March 31, 2018",1,Child
Alaska,"March 25, 2018",1,Child
Texas,"March 21, 2018",1,Child
Alabama,"March 12, 2018",1,Child
Louisiana,"March 12, 2018",1,Child
Alabama,"March 12, 2018",1,Child
Wisconsin,"March 10, 2018",1,Child
Colorado,"March 2, 2018",1,Child
Alabama,"February 20, 2018",1,Child
Alabama,"February 8, 2018",1,Child
Texas,"January 28, 2018",1,Child
Texas,"January 27, 2018",1,Child
Florida,"January 26, 2018",1,Child
Texas,"January 24, 2018",1,Child
California,"January 20, 2018",1,Child
Alabama,"January 1, 2018",1,Child
Alabama,"December 28, 2017",1,Child
Maryland,"December 22, 2017",1,Child
Utah,"December 10, 2017",1,Child
Michigan,"December 6, 2017",1,Child
Alaska,"December 5, 2017",1,Child
Texas,"November 18, 2017",1,Child
Tennessee,"November 10, 2017",1,Child
Pennsylvania,"November 9, 2017",1,Child
Louisiana,"November 2, 2017",1,Child
New York,"October 20, 2017",1,Child
South Carolina,"October 17, 2017",1,Child
Illinois,"October 14, 2017",1,Child
North Carolina,"October 8, 2017",1,Child
Arkansas,"October 6, 2017",1,Child
Florida,"October 3, 2017",1,Child
Mississippi,"October 2, 2017",1,Child
Georgia,"October 1, 2017",1,Child
South Carolina,"October 1, 2017",1,Child
Texas,"September 30, 2017",1,Child
Texas,"September 28, 2017",1,Child
Ohio,"September 28, 2017",1,Child
Missouri,"September 23, 2017",1,Child
Missouri,"September 23, 2017",1,Child
Kansas,"September 22, 2017",1,Child
South Carolina,"September 15, 2017",1,Child
Florida,"September 14, 2017",1,Child
Ohio,"September 10, 2017",1,Child
South Carolina,"September 6, 2017",2,Child
Mississippi,"September 3, 2017",1,Child
Texas,"September 2, 2017",1,Child
Mississippi,"August 30, 2017",1,Child
Maine,"August 28, 2017",1,Child
Texas,"August 28, 2017",1,Child
New York,"August 21, 2017",1,Child
Tennessee,"August 20, 2017",1,Child
Missouri,"August 20, 2017",1,Child
Tennessee,"August 19, 2017",1,Child
Alaska,"August 16, 2017",1,Child
Pennsylvania,"August 9, 2017",1,Child
Wisconsin,"August 8, 2017",1,Child
Missouri,"August 6, 2017",1,Child
Indiana,"August 5, 2017",1,Child
Mississippi,"August 4, 2017",1,Child
Nevada,"August 1, 2017",1,Child
Montana,"August 1, 2017",1,Child
Kentucky,"July 31, 2017",1,Child
South Carolina,"July 31, 2017",1,Child
Florida,"July 30, 2017",1,Child
Missouri,"July 29, 2017",1,Child
Missouri,"July 23, 2017",1,Child
Wisconsin,"July 12, 2017",1,Child
Mississippi,"July 4, 2017",1,Child
Georgia,"July 4, 2017",1,Child
Mississippi,"July 1, 2017",1,Child
Georgia,"July 1, 2017",1,Child
Alabama,"June 26, 2017",1,Child
Indiana,"June 26, 2017",1,Child
Arkansas,"June 25, 2017",1,Child
Michigan,"June 20, 2017",1,Child
Arkansas,"June 20, 2017",1,Child
Pennsylvania,"June 18, 2017",1,Child
South Carolina,"June 16, 2017",1,Child
Indiana,"June 10, 2017",1,Child
Mississippi,"June 8, 2017",1,Child
Tennessee,"June 6, 2017",1,Child
Pennsylvania,"June 3, 2017",1,Child
Arkansas,"May 26, 2017",1,Child
Kentucky,"May 21, 2017",1,Child
Illinois,"May 20, 2017",1,Child
Virginia,"May 15, 2017",1,Child
Virginia,"May 15, 2017",1,Child
South Carolina,"May 12, 2017",1,Child
Indiana,"May 11, 2017",1,Child
Georgia,"May 10, 2017",1,Child
Virginia,"April 30, 2017",1,Child
Florida,"April 30, 2017",1,Child
Mississippi,"April 23, 2017",1,Child
Texas,"April 13, 2017",1,Child
Illinois,"April 7, 2017",1,Child
Texas,"April 2, 2017",1,Child
Oklahoma,"March 26, 2017",1,Child
North Carolina,"March 25, 2017",1,Child
Texas,"March 23, 2017",1,Child
Kentucky,"March 21, 2017",1,Child
Arizona,"March 20, 2017",1,Child
South Dakota,"March 19, 2017",1,Child
New Jersey,"March 18, 2017",1,Child
Missouri,"March 14, 2017",1,Child
Pennsylvania,"March 12, 2017",1,Child
Arkansas,"February 27, 2017",1,Child
Missouri,"February 13, 2017",1,Child
Georgia,"February 6, 2017",1,Child
Florida,"February 4, 2017",1,Child
Massachusetts,"February 3, 2017",1,Child
Idaho,"February 2, 2017",1,Child
South Carolina,"February 2, 2017",1,Child
New Mexico,"February 1, 2017",1,Child
Florida,"January 20, 2017",1,Child
Missouri,"January 13, 2017",1,Child
California,"January 11, 2017",1,Child
Tennessee,"January 8, 2017",1,Child
Tennessee,"January 6, 2017",1,Child
North Carolina,"January 3, 2017",1,Child
Alabama,"January 1, 2017",1,Child
Indiana,"December 31, 2016",1,Child
New Jersey,"December 31, 2016",1,Child
Mississippi,"December 30, 2016",1,Child
South Carolina,"December 26, 2016",1,Child
Louisiana,"December 24, 2016",1,Child
Ohio,"December 23, 2016",1,Child
Arkansas,"December 21, 2016",1,Child
Ohio,"December 21, 2016",1,Child
Florida,"December 9, 2016",1,Child
Georgia,"December 6, 2016",1,Child
Ohio,"December 4, 2016",1,Child
West Virginia,"November 23, 2016",1,Child
Colorado,"November 13, 2016",1,Child
Michigan,"November 13, 2016",1,Child
Colorado,"November 12, 2016",1,Child
Kansas,"November 4, 2016",1,Child
Ohio,"October 29, 2016",1,Child
Missouri,"October 27, 2016",1,Child
California,"October 20, 2016",1,Child
Illinois,"October 13, 2016",1,Child
Georgia,"October 1, 2016",1,Child
Wisconsin,"September 30, 2016",1,Child
Arizona,"September 28, 2016",1,Child
Florida,"September 18, 2016",1,Child
Florida,"September 18, 2016",1,Child
Pennsylvania,"September 12, 2016",1,Child
Kentucky,"September 11, 2016",1,Child
South Carolina,"September 1, 2016",1,Child
Kentucky,"August 28, 2016",1,Child
Tennessee,"August 25, 2016",1,Child
Montana,"August 18, 2016",1,Child
Mississippi,"August 15, 2016",1,Child
Iowa,"August 14, 2016",1,Child
Virginia,"August 13, 2016",1,Child
Tennessee,"August 8, 2016",1,Child
Idaho,"August 6, 2016",1,Child
South Carolina,"August 2, 2016",1,Child
Louisiana,"August 2, 2016",1,Child
Alabama,"July 31, 2016",1,Child
Texas,"July 31, 2016",1,Child
Texas,"July 26, 2016",1,Child
Georgia,"July 20, 2016",1,Child
South Carolina,"July 18, 2016",1,Child
Ohio,"July 16, 2016",1,Child
Florida,"July 15, 2016",1,Child
Alabama,"July 14, 2016",1,Child
Colorado,"July 14, 2016",1,Child
Texas,"July 11, 2016",1,Child
Michigan,"July 8, 2016",1,Child
Kentucky,"July 3, 2016",1,Child
California,"July 2, 2016",1,Child
Tennessee,"July 1, 2016",1,Child
New Jersey,"June 25, 2016",1,Child
Pennsylvania,"June 23, 2016",1,Child
Colorado,"June 20, 2016",1,Child
Iowa,"June 17, 2016",1,Child
Colorado,"June 3, 2016",1,Child
Virginia,"May 26, 2016",1,Child
Louisiana,"May 21, 2016",1,Child
Illinois,"May 20, 2016",1,Child
Alabama,"May 20, 2016",1,Child
Ohio,"May 12, 2016",1,Child
Michigan,"May 10, 2016",1,Child
Indiana,"May 1, 2016",1,Child
Georgia,"April 26, 2016",1,Child
Wisconsin,"April 26, 2016",1,Child
Louisiana,"April 22, 2016",1,Child
Missouri,"April 21, 2016",1,Child
Indiana,"April 20, 2016",1,Child
Pennsylvania,"April 16, 2016",1,Child
Illinois,"March 20, 2016",1,Child
Texas,"March 19, 2016",1,Child
Georgia,"March 11, 2016",1,Child
Florida,"March 1, 2016",1,Child
Tennessee,"February 29, 2016",1,Child
Indiana,"February 26, 2016",1,Child
Indiana,"February 21, 2016",1,Child
Florida,"February 21, 2016",1,Child
Texas,"February 16, 2016",1,Child
Alabama,"February 6, 2016",1,Child
Maryland,"January 30, 2016",1,Child
Tennessee,"January 25, 2016",1,Child
Alaska,"January 23, 2016",1,Child
Michigan,"January 20, 2016",1,Child
Louisiana,"January 20, 2016",1,Child
Texas,"January 19, 2016",1,Child
North Carolina,"January 10, 2016",1,Child
Kentucky,"January 9, 2016",1,Child
Tennessee,"January 4, 2016",2,Child
Colorado,"January 4, 2016",1,Child
Alaska,"December 28, 2015",1,Child
Kansas,"December 11, 2015",1,Child
Texas,"December 9, 2015",1,Child
Utah,"December 4, 2015",1,Child
New York,"November 28, 2015",1,Child
Georgia,"November 28, 2015",1,Child
Tennessee,"November 21, 2015",1,Child
Arkansas,"November 18, 2015",1,Child
Arkansas,"November 17, 2015",1,Child
South Carolina,"November 15, 2015",1,Child
Georgia,"November 11, 2015",1,Child
Michigan,"November 9, 2015",1,Child
Georgia,"October 27, 2015",1,Child
North Carolina,"October 26, 2015",1,Child
Georgia,"October 17, 2015",1,Child
Illinois,"October 17, 2015",1,Child
Utah,"October 10, 2015",1,Child
Ohio,"October 2, 2015",1,Child
Illinois,"September 2, 2015",1,Child
Pennsylvania,"September 1, 2015",1,Child
Missouri,"August 25, 2015",1,Child
Virginia,"August 23, 2015",1,Child
Alabama,"August 18, 2015",1,Child
Georgia,"August 16, 2015",1,Child
Alaska,"August 5, 2015",1,Child
Michigan,"August 3, 2015",1,Child
Texas,"August 3, 2015",1,Child
Texas,"July 30, 2015",1,Child
District of Columbia,"July 29, 2015",1,Child
Michigan,"July 23, 2015",1,Child
Louisiana,"July 17, 2015",1,Child
Missouri,"July 15, 2015",1,Child
Texas,"July 5, 2015",1,Child
Virginia,"July 2, 2015",1,Child
Michigan,"June 28, 2015",1,Child
Montana,"June 27, 2015",1,Child
Texas,"June 13, 2015",1,Child
Ohio,"June 11, 2015",1,Child
California,"June 10, 2015",1,Child
Tennessee,"June 9, 2015",1,Child
Alaska,"May 30, 2015",1,Child
Texas,"May 30, 2015",1,Child
New York,"May 25, 2015",1,Child
South Dakota,"May 25, 2015",1,Child
Virginia,"May 25, 2015",1,Child
Mississippi,"May 23, 2015",1,Child
California,"May 16, 2015",1,Child
Arkansas,"May 15, 2015",1,Child
Florida,"May 3, 2015",1,Child
Louisiana,"May 3, 2015",1,Child
Georgia,"April 30, 2015",1,Child
Georgia,"April 29, 2015",1,Child
Texas,"April 18, 2015",1,Child
Ohio,"April 12, 2015",1,Child
Tennessee,"March 31, 2015",1,Child
Georgia,"March 29, 2015",1,Child
Texas,"March 19, 2015",1,Child
Texas,"March 19, 2015",1,Child
Oklahoma,"March 17, 2015",1,Child
Kentucky,"March 13, 2015",1,Child
Michigan,"March 13, 2015",1,Child
Tennessee,"March 6, 2015",1,Child
Oregon,"March 5, 2015",1,Child
Alaska,"March 4, 2015",1,Child
Texas,"March 1, 2015",1,Child
Texas,"February 27, 2015",1,Child
Alabama,"February 15, 2015",1,Child
Ohio,"February 10, 2015",1,Child
Louisiana,"February 9, 2015",1,Child
Michigan,"January 21, 2015",1,Child
Florida,"January 21, 2015",1,Child
Alabama,"December 31, 2014",1,Child
Idaho,"December 30, 2014",1,Child
Michigan,"December 29, 2014",1,Child
South Carolina,"December 15, 2014",1,Child
Oklahoma,"December 6, 2014",1,Child
Illinois,"December 5, 2014",1,Child
Texas,"November 28, 2014",1,Child
Texas,"November 25, 2014",1,Child
Oklahoma,"November 24, 2014",1,Child
Indiana,"November 20, 2014",1,Child
Virginia,"November 15, 2014",1,Child
Michigan,"November 8, 2014",1,Child
Ohio,"November 2, 2014",1,Child
Montana,"October 22, 2014",1,Child
Tennessee,"October 17, 2014",1,Child
Louisiana,"October 11, 2014",1,Child
South Carolina,"September 13, 2014",1,Child
Virginia,"September 5, 2014",1,Child
Arizona,"August 25, 2014",1,Child
Illinois,"August 22, 2014",1,Child
Tennessee,"August 17, 2014",1,Child
Tennessee,"August 10, 2014",1,Child
Oklahoma,"August 6, 2014",1,Child
Maryland,"August 1, 2014",1,Child
Idaho,"July 30, 2014",1,Child
Kansas,"July 29, 2014",1,Child
Alabama,"July 2, 2014",1,Child
Arizona,"July 2, 2014",1,Child
Missouri,"June 1, 2014",1,Child
Arizona,"May 27, 2014",1,Child
Florida,"May 25, 2014",1,Child
Texas,"May 24, 2014",1,Child
Vermont,"May 24, 2014",1,Child
Georgia,"May 5, 2014",1,Child
Pennsylvania,"May 3, 2014",1,Child
Kansas,"April 29, 2014",1,Child
North Carolina,"April 28, 2014",1,Child
Indiana,"April 26, 2014",1,Child
North Carolina,"April 25, 2014",1,Child
Iowa,"April 21, 2014",1,Child
South Carolina,"April 17, 2014",1,Child
North Carolina,"April 13, 2014",1,Child
South Carolina,"April 12, 2014",1,Child
Pennsylvania,"April 5, 2014",1,Child
Georgia,"April 4, 2014",1,Child
Georgia,"April 4, 2014",1,Child
Oklahoma,"April 3, 2014",1,Child
Indiana,"March 11, 2014",1,Child
Oklahoma,"March 11, 2014",1,Child
Texas,"March 10, 2014",1,Child
California,"March 5, 2014",1,Child
Alabama,"March 5, 2014",1,Child
Florida,"March 1, 2014",1,Child
Georgia,"February 20, 2014",1,Child
Arkansas,"February 17, 2014",1,Child
Florida,"February 13, 2014",1,Child
Massachusetts,"February 7, 2014",1,Child
North Carolina,"January 29, 2014",1,Child
Arkansas,"January 11, 2014",1,Child
Mississippi,"January 1, 2014",1,Child
Mississippi,"February 29, 2020",1,Teen
Missouri,"February 28, 2020",1,Teen
Missouri,"February 27, 2020",1,Teen
Texas,"February 26, 2020",1,Teen
Illinois,"February 25, 2020",1,Teen
Tennessee,"February 23, 2020",1,Teen
Kentucky,"February 16, 2020",1,Teen
Tennessee,"February 16, 2020",1,Teen
New York,"February 12, 2020",1,Teen
Nebraska,"February 12, 2020",1,Teen
Louisiana,"February 9, 2020",1,Teen
South Carolina,"February 2, 2020",1,Teen
Ohio,"February 1, 2020",1,Teen
Ohio,"February 1, 2020",1,Teen
Ohio,"January 26, 2020",1,Teen
Texas,"January 22, 2020",1,Teen
Georgia,"January 17, 2020",1,Teen
Texas,"January 17, 2020",1,Teen
Texas,"January 14, 2020",1,Teen
North Carolina,"January 11, 2020",1,Teen
Oklahoma,"December 29, 2019",1,Teen
Texas,"December 25, 2019",1,Teen
California,"December 21, 2019",1,Teen
Mississippi,"December 20, 2019",1,Teen
Texas,"December 19, 2019",1,Teen
Maine,"December 18, 2019",1,Teen
Ohio,"December 14, 2019",1,Teen
Florida,"December 13, 2019",1,Teen
Arizona,"December 13, 2019",1,Teen
Illinois,"December 5, 2019",1,Teen
Texas,"November 29, 2019",1,Teen
Texas,"November 27, 2019",1,Teen
Florida,"November 25, 2019",2,Teen
Texas,"November 25, 2019",1,Teen
Missouri,"November 17, 2019",1,Teen
Indiana,"November 15, 2019",1,Teen
New Mexico,"November 12, 2019",1,Teen
Kansas,"November 9, 2019",1,Teen
Minnesota,"November 6, 2019",1,Teen
Florida,"November 3, 2019",1,Teen
Kentucky,"November 1, 2019",1,Teen
Georgia,"October 30, 2019",1,Teen
New York,"October 26, 2019",1,Teen
Virginia,"October 20, 2019",1,Teen
Michigan,"October 20, 2019",1,Teen
Missouri,"October 19, 2019",1,Teen
Ohio,"October 19, 2019",1,Teen
Texas,"October 8, 2019",1,Teen
New Jersey,"October 6, 2019",1,Teen
Indiana,"October 4, 2019",1,Teen
North Carolina,"September 30, 2019",1,Teen
Texas,"September 28, 2019",1,Teen
Georgia,"September 28, 2019",1,Teen
Texas,"September 25, 2019",1,Teen
Kentucky,"September 22, 2019",1,Teen
Michigan,"September 15, 2019",1,Teen
Florida,"September 12, 2019",1,Teen
Iowa,"September 10, 2019",1,Teen
Pennsylvania,"September 8, 2019",1,Teen
Washington,"September 7, 2019",1,Teen
Louisiana,"September 1, 2019",1,Teen
Illinois,"August 27, 2019",1,Teen
Florida,"August 24, 2019",1,Teen
Alabama,"August 23, 2019",1,Teen
Florida,"August 23, 2019",1,Teen
Kansas,"August 17, 2019",1,Teen
Kansas,"August 8, 2019",1,Teen
Illinois,"August 8, 2019",1,Teen
Pennsylvania,"July 29, 2019",1,Teen
Alaska,"July 27, 2019",1,Teen
Texas,"July 26, 2019",1,Teen
New Jersey,"July 25, 2019",1,Teen
Ohio,"July 24, 2019",1,Teen
Louisiana,"July 21, 2019",1,Teen
Missouri,"July 20, 2019",1,Teen
Mississippi,"July 20, 2019",1,Teen
Texas,"July 18, 2019",1,Teen
Missouri,"July 17, 2019",1,Teen
Texas,"July 12, 2019",1,Teen
Arizona,"July 2, 2019",1,Teen
Washington,"July 2, 2019",1,Teen
Kentucky,"June 26, 2019",1,Teen
California,"June 24, 2019",1,Teen
Indiana,"June 19, 2019",1,Teen
Kentucky,"June 11, 2019",1,Teen
Mississippi,"June 10, 2019",1,Teen
South Carolina,"June 10, 2019",1,Teen
Alabama,"June 9, 2019",1,Teen
Idaho,"June 9, 2019",1,Teen
West Virginia,"June 7, 2019",1,Teen
Arizona,"June 7, 2019",1,Teen
Texas,"June 7, 2019",1,Teen
Ohio,"June 6, 2019",1,Teen
Texas,"June 3, 2019",1,Teen
Oklahoma,"May 31, 2019",1,Teen
South Carolina,"May 30, 2019",1,Teen
Mississippi,"May 30, 2019",1,Teen
Mississippi,"May 28, 2019",1,Teen
Arizona,"May 27, 2019",1,Teen
Florida,"May 27, 2019",1,Teen
Arizona,"May 26, 2019",1,Teen
Tennessee,"May 25, 2019",1,Teen
Ohio,"May 21, 2019",1,Teen
Missouri,"May 14, 2019",1,Teen
Montana,"May 12, 2019",1,Teen
Tennessee,"May 11, 2019",1,Teen
Illinois,"May 4, 2019",1,Teen
Missouri,"April 14, 2019",1,Teen
New York,"April 13, 2019",1,Teen
Mississippi,"April 7, 2019",1,Teen
Kansas,"March 30, 2019",1,Teen
Iowa,"March 24, 2019",1,Teen
Arkansas,"March 22, 2019",1,Teen
North Carolina,"March 22, 2019",1,Teen
Utah,"March 18, 2019",1,Teen
Texas,"March 18, 2019",1,Teen
Mississippi,"March 14, 2019",1,Teen
Texas,"March 13, 2019",1,Teen
Illinois,"March 9, 2019",1,Teen
Mississippi,"March 9, 2019",1,Teen
Georgia,"March 8, 2019",1,Teen
Indiana,"February 18, 2019",1,Teen
Iowa,"February 17, 2019",1,Teen
Texas,"February 5, 2019",1,Teen
Utah,"February 5, 2019",1,Teen
California,"February 3, 2019",1,Teen
New York,"February 1, 2019",1,Teen
Texas,"January 27, 2019",1,Teen
New York,"January 22, 2019",1,Teen
Texas,"January 22, 2019",1,Teen
Texas,"January 19, 2019",1,Teen
South Carolina,"January 19, 2019",1,Teen
Texas,"January 19, 2019",1,Teen
Georgia,"January 16, 2019",1,Teen
Louisiana,"January 12, 2019",1,Teen
Tennessee,"January 10, 2019",1,Teen
California,"January 6, 2019",1,Teen
Oklahoma,"January 5, 2019",1,Teen
Georgia,"January 3, 2019",1,Teen
Georgia,"December 31, 2018",2,Teen
Missouri,"December 30, 2018",1,Teen
Mississippi,"December 26, 2018",1,Teen
Florida,"December 26, 2018",1,Teen
Florida,"December 23, 2018",1,Teen
Kentucky,"December 16, 2018",1,Teen
Texas,"December 15, 2018",1,Teen
Missouri,"December 14, 2018",1,Teen
Oklahoma,"December 9, 2018",1,Teen
Pennsylvania,"December 8, 2018",1,Teen
Texas,"December 4, 2018",1,Teen
Washington,"November 30, 2018",1,Teen
Ohio,"November 28, 2018",1,Teen
Florida,"November 21, 2018",1,Teen
North Carolina,"November 18, 2018",1,Teen
Texas,"November 17, 2018",1,Teen
Michigan,"November 16, 2018",1,Teen
Arizona,"November 14, 2018",1,Teen
Louisiana,"November 13, 2018",1,Teen
Illinois,"November 12, 2018",1,Teen
Louisiana,"November 2, 2018",1,Teen
Wisconsin,"October 19, 2018",1,Teen
Ohio,"October 19, 2018",1,Teen
Alabama,"October 18, 2018",1,Teen
North Carolina,"October 10, 2018",1,Teen
Texas,"October 7, 2018",1,Teen
Texas,"September 30, 2018",1,Teen
Utah,"September 23, 2018",1,Teen
Illinois,"September 19, 2018",1,Teen
Colorado,"September 4, 2018",1,Teen
Tennessee,"September 1, 2018",1,Teen
New York,"August 31, 2018",1,Teen
Ohio,"August 29, 2018",1,Teen
Arkansas,"August 21, 2018",1,Teen
Michigan,"August 20, 2018",1,Teen
Tennessee,"August 19, 2018",1,Teen
Washington,"August 14, 2018",1,Teen
Ohio,"August 9, 2018",1,Teen
Delaware,"August 3, 2018",1,Teen
Ohio,"July 30, 2018",1,Teen
North Carolina,"July 28, 2018",1,Teen
Missouri,"July 28, 2018",1,Teen
North Carolina,"July 27, 2018",1,Teen
Arkansas,"July 27, 2018",1,Teen
Arkansas,"July 26, 2018",1,Teen
Texas,"July 24, 2018",1,Teen
Ohio,"July 15, 2018",1,Teen
Oklahoma,"July 15, 2018",1,Teen
Oklahoma,"July 10, 2018",1,Teen
Michigan,"July 9, 2018",1,Teen
Missouri,"July 7, 2018",1,Teen
Virginia,"July 5, 2018",1,Teen
Colorado,"July 4, 2018",1,Teen
Georgia,"July 3, 2018",1,Teen
Mississippi,"June 30, 2018",1,Teen
Massachusetts,"June 26, 2018",1,Teen
Wisconsin,"June 13, 2018",1,Teen
Tennessee,"June 12, 2018",1,Teen
North Carolina,"June 11, 2018",1,Teen
Texas,"June 8, 2018",1,Teen
Oregon,"June 7, 2018",1,Teen
Georgia,"June 6, 2018",1,Teen
Arizona,"June 5, 2018",1,Teen
Ohio,"June 4, 2018",1,Teen
Indiana,"June 4, 2018",1,Teen
Washington,"June 1, 2018",1,Teen
Arizona,"May 29, 2018",1,Teen
Iowa,"May 28, 2018",1,Teen
Washington,"May 27, 2018",1,Teen
Pennsylvania,"May 27, 2018",1,Teen
Louisiana,"May 26, 2018",1,Teen
Illinois,"May 26, 2018",1,Teen
Alabama,"May 21, 2018",1,Teen
Oklahoma,"May 18, 2018",1,Teen
Mississippi,"May 14, 2018",1,Teen
Illinois,"May 12, 2018",1,Teen
Texas,"May 12, 2018",1,Teen
Iowa,"May 10, 2018",1,Teen
Texas,"April 30, 2018",1,Teen
Alabama,"April 24, 2018",1,Teen
North Carolina,"April 15, 2018",1,Teen
Indiana,"April 15, 2018",1,Teen
Mississippi,"March 30, 2018",1,Teen
Indiana,"March 28, 2018",1,Teen
Georgia,"March 25, 2018",1,Teen
Louisiana,"March 12, 2018",1,Teen
Alabama,"March 7, 2018",1,Teen
Georgia,"March 4, 2018",1,Teen
Louisiana,"February 23, 2018",1,Teen
Texas,"February 20, 2018",1,Teen
Arizona,"February 18, 2018",1,Teen
California,"February 15, 2018",1,Teen
Louisiana,"February 14, 2018",1,Teen
Florida,"February 8, 2018",1,Teen
Texas,"February 8, 2018",1,Teen
Tennessee,"February 7, 2018",1,Teen
New York,"February 7, 2018",1,Teen
Mississippi,"February 3, 2018",1,Teen
California,"February 3, 2018",1,Teen
Louisiana,"February 3, 2018",1,Teen
Connecticut,"January 31, 2018",1,Teen
New Jersey,"January 26, 2018",1,Teen
Indiana,"January 21, 2018",1,Teen
Georgia,"January 16, 2018",1,Teen
Tennessee,"January 15, 2018",1,Teen
Nebraska,"January 14, 2018",1,Teen
Oregon,"January 1, 2018",1,Teen
Mississippi,"December 31, 2017",1,Teen
Texas,"December 30, 2017",1,Teen
Illinois,"December 26, 2017",1,Teen
New York,"December 22, 2017",1,Teen
South Carolina,"December 21, 2017",1,Teen
Arizona,"December 19, 2017",1,Teen
Texas,"December 17, 2017",1,Teen
Alabama,"December 15, 2017",1,Teen
Ohio,"December 13, 2017",1,Teen
Utah,"December 10, 2017",1,Teen
Alabama,"December 9, 2017",1,Teen
Tennessee,"December 5, 2017",1,Teen
New Mexico,"December 4, 2017",1,Teen
Arizona,"November 30, 2017",1,Teen
Nevada,"November 26, 2017",1,Teen
Tennessee,"November 25, 2017",1,Teen
Texas,"November 24, 2017",1,Teen
Colorado,"November 16, 2017",1,Teen
North Carolina,"November 13, 2017",1,Teen
Alabama,"November 13, 2017",1,Teen
Tennessee,"November 12, 2017",1,Teen
Minnesota,"November 11, 2017",1,Teen
Texas,"November 8, 2017",1,Teen
New Hampshire,"November 4, 2017",1,Teen
Connecticut,"November 2, 2017",1,Teen
Virginia,"November 2, 2017",1,Teen
Mississippi,"October 31, 2017",1,Teen
Georgia,"October 31, 2017",1,Teen
Illinois,"October 29, 2017",1,Teen
Texas,"October 28, 2017",1,Teen
Georgia,"October 26, 2017",1,Teen
Arkansas,"October 26, 2017",1,Teen
Alabama,"October 23, 2017",1,Teen
Oklahoma,"October 21, 2017",1,Teen
Illinois,"October 14, 2017",1,Teen
Washington,"October 14, 2017",1,Teen
Kentucky,"October 11, 2017",1,Teen
Missouri,"October 7, 2017",1,Teen
Kentucky,"October 7, 2017",1,Teen
Utah,"October 7, 2017",1,Teen
Texas,"October 3, 2017",1,Teen
Indiana,"October 1, 2017",1,Teen
Mississippi,"September 30, 2017",1,Teen
Georgia,"September 30, 2017",1,Teen
Texas,"September 26, 2017",1,Teen
New York,"September 24, 2017",1,Teen
Kentucky,"September 22, 2017",1,Teen
Texas,"September 19, 2017",1,Teen
Ohio,"September 17, 2017",1,Teen
Florida,"September 14, 2017",1,Teen
Tennessee,"September 2, 2017",1,Teen
Florida,"August 28, 2017",1,Teen
Georgia,"August 27, 2017",1,Teen
Minnesota,"August 26, 2017",1,Teen
North Carolina,"August 17, 2017",1,Teen
Arizona,"August 15, 2017",1,Teen
Washington,"August 15, 2017",1,Teen
Alabama,"August 14, 2017",1,Teen
Missouri,"August 12, 2017",1,Teen
Oklahoma,"August 9, 2017",1,Teen
Wisconsin,"August 8, 2017",1,Teen
Texas,"August 7, 2017",1,Teen
Texas,"August 4, 2017",1,Teen
Mississippi,"August 4, 2017",1,Teen
New York,"August 2, 2017",1,Teen
Wisconsin,"July 26, 2017",1,Teen
California,"July 26, 2017",1,Teen
Missouri,"July 23, 2017",1,Teen
Texas,"July 20, 2017",1,Teen
Georgia,"July 19, 2017",1,Teen
Arizona,"July 18, 2017",1,Teen
Idaho,"July 17, 2017",1,Teen
Louisiana,"July 14, 2017",1,Teen
Mississippi,"July 13, 2017",1,Teen
Tennessee,"July 8, 2017",1,Teen
Illinois,"July 8, 2017",1,Teen
Louisiana,"July 6, 2017",1,Teen
Texas,"July 4, 2017",1,Teen
Indiana,"July 1, 2017",1,Teen
Georgia,"June 30, 2017",1,Teen
Alabama,"June 26, 2017",1,Teen
Missouri,"June 24, 2017",1,Teen
Tennessee,"June 24, 2017",1,Teen
Florida,"June 22, 2017",1,Teen
Ohio,"June 19, 2017",1,Teen
Georgia,"June 19, 2017",1,Teen
Oklahoma,"June 17, 2017",1,Teen
Georgia,"June 16, 2017",1,Teen
Oklahoma,"June 14, 2017",1,Teen
Texas,"June 12, 2017",1,Teen
South Dakota,"June 10, 2017",1,Teen
Louisiana,"June 8, 2017",1,Teen
California,"June 8, 2017",1,Teen
Virginia,"June 6, 2017",1,Teen
Missouri,"June 1, 2017",1,Teen
Texas,"June 1, 2017",1,Teen
Kansas,"May 31, 2017",1,Teen
Oklahoma,"May 30, 2017",1,Teen
Louisiana,"May 26, 2017",1,Teen
South Carolina,"May 24, 2017",1,Teen
Illinois,"May 24, 2017",1,Teen
Wisconsin,"May 21, 2017",1,Teen
Kentucky,"May 20, 2017",1,Teen
Illinois,"May 20, 2017",1,Teen
Texas,"May 12, 2017",1,Teen
Louisiana,"May 8, 2017",1,Teen
Louisiana,"May 5, 2017",1,Teen
Michigan,"May 1, 2017",1,Teen
Alabama,"April 30, 2017",1,Teen
Florida,"April 30, 2017",1,Teen
Pennsylvania,"April 25, 2017",1,Teen
Florida,"April 25, 2017",1,Teen
Ohio,"April 21, 2017",1,Teen
Texas,"April 19, 2017",1,Teen
California,"April 12, 2017",1,Teen
Florida,"April 10, 2017",1,Teen
Georgia,"April 10, 2017",1,Teen
Tennessee,"April 9, 2017",1,Teen
Pennsylvania,"April 8, 2017",1,Teen
Kansas,"April 4, 2017",1,Teen
Florida,"March 27, 2017",1,Teen
Texas,"March 23, 2017",1,Teen
Texas,"March 22, 2017",2,Teen
Texas,"March 22, 2017",1,Teen
Michigan,"March 20, 2017",1,Teen
Michigan,"March 18, 2017",1,Teen
Missouri,"March 14, 2017",1,Teen
Louisiana,"March 13, 2017",1,Teen
Texas,"March 10, 2017",1,Teen
Washington,"March 10, 2017",1,Teen
Kentucky,"March 6, 2017",1,Teen
Missouri,"March 4, 2017",1,Teen
Tennessee,"February 26, 2017",1,Teen
Georgia,"February 25, 2017",1,Teen
Louisiana,"February 23, 2017",1,Teen
California,"February 23, 2017",1,Teen
Michigan,"February 18, 2017",1,Teen
Arkansas,"February 18, 2017",1,Teen
Indiana,"February 14, 2017",1,Teen
Wisconsin,"February 11, 2017",1,Teen
Idaho,"February 2, 2017",1,Teen
Nebraska,"January 31, 2017",1,Teen
Arkansas,"January 30, 2017",1,Teen
South Carolina,"January 26, 2017",1,Teen
South Carolina,"January 22, 2017",1,Teen
Indiana,"January 15, 2017",1,Teen
Ohio,"January 13, 2017",1,Teen
Virginia,"January 5, 2017",1,Teen
Texas,"December 31, 2016",1,Teen
Oregon,"December 31, 2016",1,Teen
Pennsylvania,"December 31, 2016",1,Teen
Mississippi,"December 29, 2016",1,Teen
Georgia,"December 28, 2016",1,Teen
Maine,"December 28, 2016",1,Teen
Indiana,"December 27, 2016",1,Teen
Tennessee,"December 25, 2016",1,Teen
Indiana,"December 23, 2016",1,Teen
Alabama,"December 22, 2016",1,Teen
Michigan,"December 21, 2016",1,Teen
Arkansas,"December 19, 2016",1,Teen
Mississippi,"December 17, 2016",1,Teen
Kansas,"December 17, 2016",1,Teen
Michigan,"December 12, 2016",1,Teen
Georgia,"December 6, 2016",1,Teen
Virginia,"December 2, 2016",1,Teen
Florida,"November 28, 2016",1,Teen
Texas,"November 28, 2016",2,Teen
Pennsylvania,"November 27, 2016",1,Teen
Tennessee,"November 26, 2016",1,Teen
Indiana,"November 22, 2016",1,Teen
Virginia,"November 22, 2016",1,Teen
Colorado,"November 12, 2016",1,Teen
Oklahoma,"November 11, 2016",1,Teen
Virginia,"November 8, 2016",1,Teen
Pennsylvania,"November 7, 2016",1,Teen
Georgia,"November 6, 2016",1,Teen
Pennsylvania,"October 30, 2016",1,Teen
Louisiana,"October 22, 2016",1,Teen
Washington,"October 16, 2016",1,Teen
North Dakota,"October 16, 2016",1,Teen
Georgia,"October 11, 2016",1,Teen
South Carolina,"October 9, 2016",1,Teen
Georgia,"October 7, 2016",1,Teen
North Dakota,"October 3, 2016",1,Teen
Texas,"September 29, 2016",1,Teen
Iowa,"September 27, 2016",1,Teen
Maryland,"September 22, 2016",1,Teen
Alaska,"September 17, 2016",1,Teen
Texas,"September 14, 2016",1,Teen
South Carolina,"September 12, 2016",1,Teen
California,"September 8, 2016",1,Teen
Texas,"September 5, 2016",1,Teen
Michigan,"September 5, 2016",2,Teen
Kentucky,"August 28, 2016",1,Teen
Texas,"August 27, 2016",1,Teen
Florida,"August 15, 2016",1,Teen
Pennsylvania,"August 12, 2016",1,Teen
Idaho,"August 9, 2016",1,Teen
North Carolina,"August 6, 2016",1,Teen
Illinois,"August 5, 2016",1,Teen
South Carolina,"August 2, 2016",1,Teen
Ohio,"August 2, 2016",1,Teen
Oklahoma,"August 1, 2016",1,Teen
Alabama,"July 31, 2016",1,Teen
New York,"July 30, 2016",1,Teen
Texas,"July 26, 2016",1,Teen
Arizona,"July 25, 2016",1,Teen
Indiana,"July 22, 2016",1,Teen
Texas,"July 19, 2016",1,Teen
Florida,"July 15, 2016",1,Teen
Texas,"July 15, 2016",1,Teen
Florida,"July 15, 2016",1,Teen
Texas,"July 8, 2016",1,Teen
Alabama,"July 6, 2016",1,Teen
Florida,"July 3, 2016",1,Teen
Tennessee,"July 3, 2016",1,Teen
Pennsylvania,"June 29, 2016",1,Teen
Texas,"June 28, 2016",1,Teen
Arizona,"June 27, 2016",1,Teen
Indiana,"June 22, 2016",1,Teen
Georgia,"June 22, 2016",1,Teen
Pennsylvania,"June 17, 2016",1,Teen
West Virginia,"June 13, 2016",1,Teen
Louisiana,"June 11, 2016",1,Teen
Michigan,"June 7, 2016",1,Teen
Maryland,"June 6, 2016",1,Teen
Georgia,"June 6, 2016",1,Teen
Missouri,"June 3, 2016",1,Teen
Colorado,"June 3, 2016",1,Teen
Illinois,"June 3, 2016",1,Teen
Washington,"May 25, 2016",1,Teen
New York,"May 19, 2016",1,Teen
Florida,"May 14, 2016",1,Teen
Louisiana,"May 10, 2016",1,Teen
California,"April 20, 2016",1,Teen
California,"April 19, 2016",1,Teen
California,"April 14, 2016",1,Teen
North Carolina,"April 10, 2016",1,Teen
Massachusetts,"April 7, 2016",1,Teen
South Carolina,"April 2, 2016",1,Teen
North Carolina,"March 31, 2016",1,Teen
Georgia,"March 28, 2016",1,Teen
Mississippi,"March 27, 2016",1,Teen
Hawaii,"March 25, 2016",1,Teen
Pennsylvania,"March 20, 2016",1,Teen
Florida,"March 19, 2016",1,Teen
Iowa,"March 18, 2016",1,Teen
South Carolina,"March 17, 2016",1,Teen
Texas,"March 14, 2016",1,Teen
West Virginia,"March 14, 2016",1,Teen
Missouri,"March 14, 2016",1,Teen
Iowa,"March 12, 2016",1,Teen
West Virginia,"March 7, 2016",1,Teen
Mississippi,"March 6, 2016",1,Teen
